family,segment,service_orders,tail_orders,tail_rate,tail_cutoff_min,tail_dates,tail_mean_min,tail_recorded_cost,t_created_to_notify_min,t_notify_to_accept_min,t_accept_to_pu_arrival_min,t_wait_at_pu_min,t_last_mile_min
lluvia,Drizzle,20725,1730,0.08347406513872135,49.53333333333333,5,65.73187861271676,1722170.1720374906,44.51584297846821,0.2385140221098266,4.1139115687861265,6.287055177485549,10.585030748805393
lluvia,Dry,288595,13970,0.04840693705712157,49.53333333333333,32,62.57965402052017,11873248.7969554,39.49101744255667,0.25504676352779765,4.117101496969697,7.510776046247912,11.214047869133857
lluvia,Rain,1998,60,0.03003003003003003,49.53333333333333,1,58.994166666666665,42898.330728574285,32.82475586555555,0.29679500611111115,4.636154962777778,7.485737634444445,13.757948948333333
lluvia,Unknown,21060,846,0.040170940170940174,49.53333333333333,4,59.8516548463357,680945.1515035832,35.982339152147354,0.25307028514578406,3.9897341805949567,7.989979246040189,11.645225067848699
pressure_band,High,108510,4188,0.038595521150124414,49.53333333333333,31,60.41165234001911,2933021.374323223,35.143942514863895,0.26622177904727795,4.3943375617000955,8.388883938749602,12.226631464505731
pressure_band,Low,59818,4885,0.08166438195860777,49.53333333333333,32,66.82554759467759,5412370.528321456,48.01828237275674,0.22344714262367787,3.6989292581644486,5.9485774082497445,8.944615563534631
pressure_band,Medium,164043,7528,0.04589040678358723,49.53333333333333,31,61.38396652497343,5971677.272955368,37.04543724421714,0.26570768190090327,4.219284275560131,7.810954885230694,12.050987155351132
pressure_band,Unknown,7,5,0.7142857142857143,49.53333333333333,2,116.55333333333333,2193.2756249992863,96.45481645666666,0.16283492333333335,10.186436053333335,3.6997145099999997,6.055672966666665
vertical,alcoholic_drinks,2934,62,0.021131561008861623,49.53333333333333,18,68.18951612903226,80974.87048035442,47.95329167930108,0.2684258811827957,4.24593836155914,4.656891140053764,11.07266636290323
vertical,bakery,27,0,0.0,49.53333333333333,0,,,,,,,
vertical,butchery,1614,24,0.01486988847583643,49.53333333333333,13,61.95902777777777,20782.34581428243,37.65720862430556,0.25966522291666666,5.173100656944444,4.017886328472222,14.858836716666667
vertical,convenience,454,8,0.01762114537444934,49.53333333333333,7,56.574999999999996,6764.386516071145,26.273604264583334,0.401307275,4.7190715291666665,5.332268895833334,19.85632218125
vertical,courier,4828,513,0.10625517812758907,49.53333333333333,31,62.60805717998701,694723.4453821473,28.79569511068876,0.3334541881416504,5.296085954515919,4.878947994509422,23.31221757849253
vertical,courier_business,1589,59,0.037130270610446825,49.53333333333333,23,70.39745762711864,80476.91438571556,45.7241937782486,0.2908729672316384,4.44285732740113,4.317375258757061,15.630692905932206
vertical,darkstores,17443,376,0.021555925012899158,49.53333333333333,29,72.34073581560284,312635.408287506,49.19219318382092,0.227485955141844,4.3287088020390065,6.698963392154255,11.901797425531914
vertical,flowers_and_plants,57,8,0.14035087719298245,49.53333333333333,7,64.45625000000001,5765.601317856999,34.969383989583335,0.20912996458333333,5.331688525,4.33622735,19.617578116666667
vertical,frozen_food,4,0,0.0,49.53333333333333,0,,,,,,,
vertical,fruits_and_vegetables,522,11,0.0210727969348659,49.53333333333333,9,54.13636363636365,10654.824535714146,30.295450686363633,0.3184048984848485,4.971785966666666,3.6978193893939393,14.86222389090909
vertical,gourmet,438,12,0.0273972602739726,49.53333333333333,10,58.1236111111111,7218.652826783429,30.00801619166667,0.30590804166666663,5.8618185416666675,7.445336056944445,14.51256436527778
vertical,hardware,34,1,0.029411764705882353,49.53333333333333,1,69.13333333333334,1080.7999999999995,36.858906133333335,0.048207183333333334,2.056973033333333,5.195884683333333,24.9744611
vertical,hypermarket,4221,836,0.1980573323856906,49.53333333333333,31,60.934649122807016,483712.059344634,34.0899958215311,0.26443622820972884,4.438313570952951,9.205473570614036,12.944956210645932
vertical,kiosks,10934,171,0.01563929028717761,49.53333333333333,29,65.33187134502926,188365.17221964087,44.637069126120856,0.27824919727095515,5.180881077192983,2.996727522904483,12.246880860136454
vertical,nuts_and_dried_fruits,436,11,0.02522935779816514,49.53333333333333,8,57.625757575757575,8175.341117856998,32.73233812878788,0.32366044696969704,6.740998415151515,3.1985106303030304,14.641007795454549
vertical,pasta_shop,1327,20,0.015071590052750565,49.53333333333333,15,65.50666666666667,15166.416192861143,39.79257425416667,0.25729036999999993,4.031350306666667,8.142051471666665,13.291030174166668
vertical,pets,1003,31,0.03090727816550349,49.53333333333333,18,61.291397849462356,25354.24689999914,33.888560731720425,0.32640763333333334,5.55757510376344,4.396298029032258,17.130303488709675
vertical,pharmacies,3124,63,0.020166453265044813,49.53333333333333,25,60.88359788359788,44237.52035357456,37.07753832513228,0.34335931904761907,5.0934981465608455,3.594694823015873,14.783552315608466
vertical,restaurants,280432,14351,0.05117461630627033,49.53333333333333,32,62.5655773116856,12300232.989525046,40.26641200311476,0.2490388940004181,4.011824770199522,7.5249295035886,10.521732359966785
vertical,stationery_and_books,52,2,0.038461538461538464,49.53333333333333,2,62.983333333333334,1051.9057142857146,41.590108224999994,0.5313403333333333,6.306239458333334,1.9795485916666666,12.583437024999998
vertical,supermarket,905,47,0.051933701657458566,49.53333333333333,23,59.87304964539007,31889.550310718143,30.389040017021284,0.3122247684397163,5.411133471631205,7.945596372695036,15.823271522695036
_distance_band,0.5-1km,89929,2291,0.0254756530151564,49.53333333333333,31,60.80257529463117,1514492.8664964517,40.78758880756584,0.25331533069256507,3.7628433973519564,9.41546334816674,6.591712781201804
_distance_band,1-2km,114159,5698,0.04991284086230608,49.53333333333333,32,62.180197730197726,4451778.000178538,40.84558618616766,0.2530379955803206,3.8923418046653797,7.928991273031473,9.268616454656604
_distance_band,2-3km,45635,4242,0.09295496877396735,49.53333333333333,32,63.57391953481062,3915998.540173242,40.03608338757268,0.24526144061370422,4.113336639246425,6.512110718980828,12.675470674068835
_distance_band,<=0.5km,57212,809,0.014140390127945187,49.53333333333333,32,59.752513391017715,461944.80715002085,40.32596429233622,0.25943942820354343,3.5553795316234034,11.64207150589205,3.977967639987639
_distance_band,>3km,25443,3566,0.14015642809417128,49.53333333333333,32,64.64000280426248,3975048.2372267935,37.148956649023184,0.262225534604599,4.812716054440082,5.389171396742382,17.035327064222283
demand_band,High,234060,12589,0.0537853541826882,49.53333333333333,31,62.333073847538856,10999606.562891062,39.83743288773797,0.24868627422088063,3.8907880943535362,7.678545677730558,10.685993347573277
demand_band,Low,8616,357,0.041434540389972144,49.53333333333333,32,66.36185807656395,314229.2141303626,42.91314221956116,0.26584185957049483,6.1389976813725475,6.481326801960783,10.570955448552754
demand_band,Medium,89702,3660,0.04080176584691534,49.53333333333333,31,63.859512750455366,3005426.6742036217,39.420500520163934,0.26828433232240434,4.675875915068306,6.566056917513661,12.937127848032786
